Model,MAE,RMSE
Linear_Regression,159693.5930664436,242412.77281875568
Random_Forest,60371.123998475436,106849.97408069533
XGBoost,63644.645071059436,106123.02981425216
